CRIM,ZN,INDUS,CHAS,NOX,RM,AGE,DIS,RAD,TAX,PTRATIO,B,LSTAT,Predicted_MEDV
0.02,0.0,7.07,0.0,0.469,6.42,78.9,4.9671,2.0,242.0,17.8,396.9,9.14,24.088284
0.06,0.0,8.0,0.0,0.52,6.0,66.0,6.0,4.0,300.0,18.0,390.0,12.0,16.44903
0.1,0.0,6.91,0.0,0.45,5.5,75.0,5.0,3.0,250.0,17.5,385.0,10.0,20.510075
